locality_id,adm3_pcode,name_en,name_ar,lon,lat,source,osm_ref
adm3:23111,23111,Damour,الدامور,35.45548,33.73076,OpenStreetMap place=village (ODbL),node/6452190034
adm3:23171,23171,Mechref,مشرف,35.46676,33.71321,OpenStreetMap place=village (ODbL),node/6921623442
adm3:23211,23211,Chhim,شحيم,35.48460,33.62419,OpenStreetMap place=town (ODbL),node/6383368493
adm3:23215,23215,Mazboud,مزبود,35.48250,33.60888,OpenStreetMap place=village (ODbL),node/6383373626
adm3:23227,23227,Daraiya Ech-Chouf,داريا الشوف,35.50523,33.63988,OpenStreetMap place=village (ODbL),node/7367663872
adm3:23239,23239,Aanout,عانوت,35.51671,33.62834,OpenStreetMap place=village (ODbL),node/6918958779
adm3:23247,23247,Bourjein,البرجين,35.48419,33.65716,OpenStreetMap place=village (ODbL),node/6222603409
adm3:23251,23251,Barja,برجا,35.43302,33.64480,OpenStreetMap municipality boundary point (ODbL),relation/9071318
adm3:23259,23259,Dibbiyeh,دبية,35.48679,33.66544,OpenStreetMap place=village (ODbL),node/6921712759
adm3:23311,23311,Aalmane Ech-Chouf,علمان الشوف,35.40697,33.58799,OpenStreetMap place=village (ODbL),node/6110718459
adm3:23341,23341,Mghairiyeh Ech-Chouf,مغيرية الشوف,35.45919,33.60397,OpenStreetMap place=village (ODbL),node/6918418412
adm3:23361,23361,Mazmoura,مزمورة,35.50881,33.59567,OpenStreetMap place=village (ODbL),node/6918919413
adm3:23365,23365,Mtolleh,مطله,35.53930,33.61065,OpenStreetMap place=village (ODbL),node/5944634633
adm3:23371,23371,Khirbet Bisri,خربة بسري,35.52300,33.58398,Point inside cadastral polygon (no OSM place found),
adm3:23413,23413,Deir El-Qamar,دير القمر,35.56474,33.69797,OpenStreetMap place=village (ODbL),node/4795498216
adm3:23417,23417,Semqaniyeh,سمقانية,35.58849,33.67896,OpenStreetMap place=village (ODbL),node/6655761465
adm3:23423,23423,Bchtfine,بشتفين,35.55427,33.71121,OpenStreetMap place=village (ODbL),node/6580651676
adm3:23433,23433,Kfar Faqoud,كفرفاقود,35.53796,33.70119,OpenStreetMap place=village (ODbL),node/6110729426
adm3:23435,23435,Deir Baba,دير بابا,35.52478,33.69599,OpenStreetMap place=village (ODbL),node/6110731383
adm3:23439,23439,Kfar Him,كفرحيم,35.52322,33.68803,OpenStreetMap place=village (ODbL),node/5451385460
adm3:23445,23445,Majdel El-Meouch,مجدل المعوش,35.62530,33.72629,OpenStreetMap place=village (ODbL),node/5885717199
adm3:23447,23447,Dmit,دميت,35.50596,33.69267,OpenStreetMap place=village (ODbL),node/5924958418
adm3:23459,23459,Brih,بريح,35.65729,33.71470,OpenStreetMap place=village (ODbL),node/7383127667
adm3:23463,23463,Ouarhaniyeh,ورهانية,35.67419,33.72125,OpenStreetMap place=village (ODbL),node/7024589107
adm3:23469,23469,Aain Zhalta,عين زحلتا,35.69889,33.74064,OpenStreetMap place=village (ODbL),node/6632274217
adm3:23511,23511,Baaqline,بعقلين,35.56355,33.67739,OpenStreetMap place=village (ODbL),node/5944653452
adm3:23522,23522,Deir Dourit,دير دوريت,35.54079,33.68576,OpenStreetMap place=village (ODbL),node/13046271536
adm3:23544,23544,Aathrine,عترين,35.56826,33.66463,OpenStreetMap place=village (ODbL),node/383510682
adm3:23566,23566,Gharifeh,غريفة,35.55199,33.63924,OpenStreetMap place=village (ODbL),node/5944639563
adm3:23577,23577,Jahliyeh,جاهلية,35.51404,33.66699,OpenStreetMap place=village (ODbL),node/6580636368
adm3:23611,23611,Moukhtara,مختارة,35.61336,33.65738,OpenStreetMap place=village (ODbL),node/7600835711
adm3:23615,23615,Botmeh,بطمة,35.62234,33.66126,OpenStreetMap place=village (ODbL),node/5944666390
adm3:23619,23619,Aain Qania,عين قني,35.61408,33.65104,OpenStreetMap place=village (ODbL),node/383029586
adm3:23623,23623,Jdeidet Ech-Chouf,جديدة الشوف,35.60563,33.66917,Point inside cadastral polygon (no OSM place found),
adm3:23625,23625,Niha El-Chouf,نيحا,35.62640,33.59632,OpenStreetMap place=village (ODbL),node/382978975
adm3:23627,23627,Aain Ouzain,عين وزين,35.62578,33.67888,OpenStreetMap place=village (ODbL),node/7866515549
adm3:23631,23631,Baadarane,بعدران,35.62025,33.63712,OpenStreetMap place=village (ODbL),node/6612990567
adm3:23635,23635,Khereibet Ech-Chouf,خريبة الشوف,35.64497,33.64820,OpenStreetMap place=village (ODbL),node/6985845716
adm3:23639,23639,Aammatour,عمّاطور,35.60832,33.64277,OpenStreetMap place=town (ODbL),node/6274504727
adm3:23643,23643,Kahlouniet Ech-Chouf,كحلونية الشوف,35.59037,33.64977,OpenStreetMap place=village (ODbL),node/6655752219
adm3:23647,23647,Haret Jandal,حارة جندل,35.60671,33.62871,OpenStreetMap place=village (ODbL),node/6985782864
adm3:23651,23651,Mazraat Ech-Chouf,مزرعة,35.58010,33.64614,OpenStreetMap place=village (ODbL),node/6636944214
adm3:23655,23655,Kfar Nabrakh,كفرنبرخ,35.63329,33.69470,OpenStreetMap place=village (ODbL),node/5879585727
adm3:23659,23659,Mristi,مرستى,35.64859,33.62264,OpenStreetMap place=village (ODbL),node/6612957259
adm3:23663,23663,Batloun,بتلون,35.65221,33.69550,OpenStreetMap place=village (ODbL),node/5879582531
adm3:23667,23667,Maasser Ech-Chouf,معاصر الشوف,35.67062,33.66832,OpenStreetMap place=village (ODbL),node/5876926515
adm3:23671,23671,Jbaa Ech-Chouf,جباع,35.62920,33.61040,OpenStreetMap place=village (ODbL),node/6967781063
adm3:23675,23675,Bater,باتر,35.61731,33.60207,OpenStreetMap place=village (ODbL),node/7403438374
adm3:23679,23679,Barouk,الباروك,35.68119,33.70411,OpenStreetMap place=village (ODbL),node/7600772358
adm3:24444,24444,Charoun,شارون,35.68576,33.77158,OpenStreetMap place=village (ODbL),node/7149784833
adm3:51311,51311,Riyaq,رياق,36.01419,33.85220,OpenStreetMap place=village (ODbL),node/6127326597
adm3:51323,51323,Aali En-Nahri,علي النهري,36.02644,33.85728,OpenStreetMap place=village (ODbL),node/7926393563
adm3:51365,51365,Terbol Zahleh,تربل,35.98479,33.81826,OpenStreetMap place=village (ODbL),node/5322877368
adm3:51383,51383,Dalhamiyet Zahleh,دلهميه,35.95821,33.81871,OpenStreetMap place=village (ODbL),node/7472545867
adm3:52111,52111,Machghara,مشغرة,35.65414,33.53061,OpenStreetMap place=village (ODbL),node/5827130398
adm3:53214,53214,Fekehe,فاكهة,36.40299,34.24504,OpenStreetMap place=village (ODbL),node/5018267887
adm3:53234,53234,Laboueh,لبوة,36.35708,34.19550,OpenStreetMap place=village (ODbL),node/5018273500
adm3:53445,53445,Nabi Chit,نبي شيت,36.11089,33.87268,OpenStreetMap place=village (ODbL),node/5580845258
adm3:63191,63191,Bisri,بسري,35.54028,33.57833,OpenStreetMap place=village (ODbL),node/564360133
